challenge_id,target_parsed_to_tcp_sent_ns
94,2494791
95,21331000
96,3078541
97,8101667
99,3296042
101,2782458
103,5372334
105,12163459
108,4062417
110,2313250
111,7635000
112,1869125
112,1918625
113,4724458
114,4694625
116,4655917
118,2448958
119,5578500
121,1439875
122,12459083
124,10837625
126,6957333
127,3962417
128,4391208
129,5003666
131,2773250
132,2698375
134,6328292
136,10823834
138,4970584
140,1977833
141,3242416
144,9934042
145,2643500
146,5806875
149,4529792
151,11396042
152,2918416
153,2894000
154,24085000
155,2573583
156,7234625
157,4543000
158,4514875
159,5998625
161,5086417
162,8673042
162,9014000
164,4287458
165,7329625
167,4926500
167,5075959
168,4140250
169,2949000
169,3019542
170,3146708
170,3231000
171,8507792
173,5869833
175,2642666
177,8888583
178,3032000
179,11039041
181,4513875
183,3357375
184,6777291
185,2381166
186,10611333
188,4901000
189,2592000
190,3694417
191,5278917
192,2194625
194,3716417
196,4689875
197,5523083
199,10197875
201,4676208
202,4397417
204,2516500
205,3494250
207,5066167
209,4779042
211,4013792
213,2522541
214,10295417
215,2441708
215,2470625
217,2622375
218,4274917
219,4504416
221,102958
223,3295250
225,5135042
226,4979667
228,2109208
229,5267500
231,2709208
232,2999292
234,3792167
235,5004750
235,5138459
237,4134208
237,4136833
239,3345000
241,3824709
243,2131209
244,10218708
245,2250917
247,4198917
248,4438292
248,4488083
250,48791
251,4305917
252,2416750
252,2488458
254,4141083
257,3478666
258,2346833
260,5654792
261,2197417
262,10731292
263,2915666
264,5180500
266,4175583
267,6099250
269,17869250
270,2130333
272,5744875
273,5640291
275,9701167
276,5941958
277,4483834
278,7150334
279,4665291
280,6698000
282,6060417
285,5140292
285,5158917
286,5676250
288,5027625
289,3721333
290,4283083
290,4360291
292,5138750
293,2376958
294,9270708
294,9328416
295,2804125
296,6085750
298,4695500
299,3690292
300,2741833
302,4725167
303,2408958
304,10031083
305,3319708
307,4335209
307,4365459
309,3079916
310,2625792
310,2639542
311,4130042
312,2725292
313,3479709
314,4971625
316,12243208
317,5506333
318,4849209
319,2345833
321,4554459
323,4236833
325,5241709
326,4676750
327,2524041
329,9058500
330,5628625
331,2036541
333,3744291
335,10978250
337,89917
338,4774625
339,4447583
341,5078667
342,5253791
342,5265750
344,3583167
344,3607958
346,5133875
346,5140917
347,4664542
348,2385333
349,3078666
350,6641334
352,2529916
353,5299750
354,4297416
356,2468792
357,4190000
358,1596958
360,40007458
361,11130000
363,17130709
363,17221334
365,5570750
365,5641541
366,3388000
369,4294959
371,6275166
372,9724459
373,2418875
374,5486958
375,3779792
377,5527291
377,5588375
378,9018166
379,10678917
380,2725958
381,3279416
382,5060083
383,5625167
386,5084458
387,19776375
387,19838709
388,1544791
389,10532291
390,3014500
391,10720042
392,3078375
394,7474000
395,2599708
397,3795500
398,5270708
399,5001083
400,2812125
400,2829208
401,2047958
403,5078125
404,3142833
405,10465917
406,2582792
407,6145750
407,6146625
408,4134542
409,2119542
410,3996541
413,9270542
414,5328250
416,756375
417,4536709
417,4584750
418,5054333
418,5081583
420,2634542
422,5378666
424,6209791
426,5449375
427,2925125
427,2979417
428,3538834
429,4845042
432,3453833
433,2466709
436,2396084
438,4644125
440,2331292
441,3537000
443,16762166
444,3380250
444,3409584
446,5961208
447,2227500
449,4713084
451,3365042
452,4124375
454,3845083
456,2111875
457,9657458
459,4299709
462,5977125
464,2505708
466,6079958
466,6080583
467,2249958
468,10660833
471,4409000
472,2340667
474,3927042
477,4168166
478,2075833
479,4923125
480,2512500
482,21951709
483,2758958
484,5271292
485,4096792
486,2263125
487,6025791
488,4289083
490,9837792
492,4603667
493,4483750
494,4274958
494,4276833
496,3366458
497,3478667
499,5410375
500,4616916
501,2723584
503,4231459
505,2520875
506,2979833
508,38875
509,2564292
511,4367083
512,2739000
514,3971916
515,4582417
517,4156292
519,3252792
521,1877042
522,9821334
525,4617333
526,3958916
527,2109250
529,2487958
530,5526750
532,2428750
533,16710875
534,8159625
536,7233541
537,4260916
538,2269666
540,4493583
542,62458
543,4256041
545,3772541
546,7576667
548,8519292
549,3232958
550,4851167
552,3994334
553,2580500
554,3477042
556,50792
557,3219458
559,4828583
560,3099625
562,4242291
564,2484542
565,3484250
567,2321875
568,5357916
570,6685875
571,3779083
572,2653583
572,2684333
573,6688667
575,4317000
576,2492917
578,4543542
579,4079750
581,4605917
582,4166041
585,61583
586,2351584
587,9692750
588,2495875
590,4019208
592,3957250
593,3719000
594,2643375
595,11203041
596,2552958
598,2407959
600,5674500
601,2079834
602,10087334
605,3055250
606,2609833
607,3834417
609,16639209
610,10600334
612,7273666
612,7545125
613,3980375
614,4738625
615,2778125
617,4880708
618,4231167
619,2286042
620,3115709
622,2846500
624,5829833
625,2440458
626,9966375
628,4309958
630,3316625
632,2637667
633,9561250
634,2760750
635,4928833
637,3428916
637,3434416
639,1990083
640,8366916
642,5049875
644,2330834
645,3870792
646,3634625
648,3503875
650,2415250
652,2451833
653,5311875
654,6989750
656,4674250
656,4728750
658,3521584
660,3299333
661,5305709
663,9888584
664,2513541
665,5056417
667,2244709
669,2551834
670,3082958
672,37833
673,8660250
675,4655417
677,2287875
680,4552125
681,2287125
683,3841334
685,5111291
687,2543125
688,4177375
688,7376250
690,7193334
691,57958
692,6314958
693,4389375
695,4533041
695,4533291
697,3182416
699,4620292
701,3072042
702,5200667
704,10121750
706,4266750
707,2259125
710,2471458
711,9499666
713,5250959
714,3348333
716,4459334
717,25728625
718,6066542
719,4070042
720,2298833
722,3806792
723,5197250
724,3394458
726,5455708
728,2240416
729,9816083
731,4548417
732,4588875
734,4119167
734,4150500
736,5992583
736,6008458
737,3745417
739,2816042
740,6765791
742,8875166
742,8886208
744,4640542
745,5977292
748,2748167
750,3340958
751,4261167
753,3538250
754,21196833
756,5410042
757,3690125
757,3744375
759,4579125
761,2334833
762,4591250
764,3108166
765,6443291
767,10028833
769,5030375
771,3650125
773,3663417
774,2485709
774,2516209
775,5312708
777,2378125
778,10491042
779,2634458
781,4218916
783,96500
784,4574209
786,2631166
788,3979417
790,5140500
791,6700625
793,10888042
794,2576875
796,4063209
797,4558459
799,13880125
800,7413167
801,1584333
802,10693667
804,2812250
806,6601833
807,2260250
808,10870667
810,4820958
810,4857583
812,2463458
813,3272166
814,5548958
816,9663250
817,2489500
818,4741166
819,4583666
820,4707042
821,3900875
824,2504292
826,6699750
827,2311708
828,9720834
829,2508125
830,4898000
830,4945500
831,4677666
832,95584
833,8955583
834,94084
835,2774000
837,3987500
838,5625292
840,10323250
842,5343833
845,2294542
847,6707416
848,55541
849,5093792
850,5579000
852,8690042
853,43625
854,5220041
855,4495958
855,4546208
856,2420375
857,2984792
858,4064833
860,2386625
861,6070792
862,2323708
863,5199000
864,3975791
866,10131875
868,4378416
870,1890167
870,1941000
871,6416667
871,6506875
872,3042042
873,2482333
874,4738125
875,5799666
876,38125
878,3935667
881,2225209
881,2232542
882,4865000
883,4164708
884,2535542
886,5086167
888,6517125
888,6520000
890,4318041
892,2264709
894,2408333
895,7474958
895,7503083
897,4223541
900,5384666
902,9811750
903,2516792
905,4324625
907,18747459
908,6236792
909,3120750
910,5632042
911,4740792
912,3546958
912,3586041
913,2338584
914,5381000
916,2225750
918,2559209
919,5254708
921,3424959
921,3473667
923,4180667
924,2262750
925,10134333
926,2516750
928,4016667
930,3224000
932,4669750
934,4084042
936,2502917
937,9707041
939,4871209
940,4362375
942,3463542
944,3438458
946,2503334
947,9491541
949,8753875
949,9291625
950,11784417
951,1752792
953,4871166
954,4613459
956,2558375
957,3453834
958,4475709
959,2692250
960,3037333
963,5502166
965,9537292
967,4808833
968,4282292
970,2322166
972,4250834
973,4429416
975,4343042
975,4357208
977,2556583
978,3329333
979,3814500
981,2214958
983,2384709
985,3967084
987,3188084
988,2780500
990,3666000
991,4633500
993,11275792
995,15679834
996,6883042
997,8876875
999,4224917
1001,4400500
1002,3317333
1003,2523167
1004,4039417
1006,3632459
1007,6065250
1008,2674000
1010,2417125
1012,5269417
1015,6300584
1017,49250
1018,2430291
1019,4502708
1021,4359209
1022,3724083
1024,10479708
1026,4386000
1027,2121583
1029,5180000
1031,9901750
1032,2549333
1033,9462708
1034,14940500
1035,2859125
1036,3342500
1037,4116959
1039,1605959
1040,9744583
1041,117333
1043,3311000
1044,3139458
1045,3727792
1047,3546583
1049,2427542
1051,2372959
1052,5208541
1053,4167292
1055,2976750
1057,2115875
1058,4836875
1058,4877250
1059,5220834
1060,2721625
1062,2368708
1063,4674042
1063,4687417
1064,4361666
1065,88791
1066,4063250
1067,4200500
1068,6267542
1070,8856750
1071,1271875
1072,4052333
1073,7039375
1073,7085541
1074,33617042
1075,8813750
1076,4042666
1078,3806458
1080,3242208
1081,3895291
1083,3513209
1083,3596542
1086,10331041
1087,2459833
1089,2356375
1091,4515250
1093,10018333
1096,4213209
1097,2437416
1099,2449416
1101,5117125
1103,9767125
1103,9796500
1105,4768041
1106,4834084
1108,4195292
1109,4612667
1110,20773541
1111,3318750
1112,4938417
1112,4987625
1114,4373625
1115,91208
1116,2964542
1117,2981583
1119,4902125
1121,9970667
1123,4988166
1125,4663500
1126,2973625
1126,2986166
1128,3842041
1129,2098375
1131,5873167
1133,74916
1134,2558000
1135,5115958
1135,5155333
1136,4175625
1136,4176500
1137,2354167
1139,2431292
1140,3704625
1143,28290875
1145,13062042
1146,306250
1146,315333
1148,4859084
1151,4801833
1152,2858750
1153,2516667
1155,4637833
1156,2506125
1158,4729500
1159,4804459
1160,2493958
1161,4917459
1163,3651542
1165,3672625
1167,2418333
1169,4758875
1170,2583000
1172,4670584
1173,2704666
1175,1680333
1176,8405291
1178,2884792
1180,2424583
1181,8909625
1183,4855083
1184,4766250
1185,20983000
1185,20992666
1186,3508208
1187,9449291
1188,2618667
1189,3585167
1191,3951125
1192,2983791
1193,3050542
1195,4079125
1196,2366917
1198,93583
1199,2620542
1200,9049333
1200,9084625
1201,2261000
1203,3703666
1204,2243750
1207,2463666
1209,2385834
1211,4454584
1212,2394292
1213,4496166
1214,4784875
1216,3720875
1218,5218250
1219,17894625
1219,17913208
1220,1302875
1221,6788041
1222,4134209
1224,2848750
1225,3235791
1227,5622792
1228,3899417
1228,4008458
1230,3831083
1231,5717458
1233,10211542
1235,4863042
1236,4126417
1237,2039375
1238,4358750
1240,3418834
1241,3840584
1243,5254084
1244,7256875
1246,10419541
1247,2034250
1248,4997083
1249,4660833
1250,22164500
1252,4378292
1253,6295958
1255,106125
1256,4336041
1256,4359416
1258,2364791
1259,10073041
1260,2609417
1262,2186625
1263,4164291
1265,2582292
1266,3453500
1268,2454958
1269,10209292
1271,4704625
1273,3581542
1273,3653875
1275,2449084
1276,10668167
1278,4739625
1280,3018916
1281,10429792
1282,11257750
1282,11324125
1283,4993500
1283,5042042
1284,4589083
1285,2389917
1286,3568042
1287,5353334
1289,8557875
1291,4630583
1292,4798708
1294,3484125
1295,777875
1297,2403375
1298,4549292
1300,2617584
1301,11102667
1303,4407125
1305,3242667
1307,2759208
1308,9896416
1309,2288958
1310,4845084
1311,17811750
1312,2606500
1313,2096584
1314,23906250
1315,4367000
1316,2417916
1317,3346000
1319,2612750
1320,9012458
1321,3249625
1322,3678125
1323,5188375
1325,5210125
1326,5572625
1328,10057000
1330,3685375
1330,3723125
1331,3277417
1332,3041917
1333,6036334
1334,2592500
1335,9641250
1337,5194416
1338,4650834
1340,2338708
1341,4242041
1342,14289875
1343,11199916
1344,1381459
1345,9295792
1346,1544250
1347,4340542
1348,4203209
1350,2919417
1351,3430292
1353,5133916
1354,7175209
1355,2425375
1356,10936375
1357,2331667
1359,4030209
1361,3989292
1362,5544542
1364,10274958
1366,4666875
1367,4804125
1369,5286959
1370,34125
1372,2946875
1373,2172125
1375,2386500
1376,3488541
1378,4837084
1378,4862334
1380,8579292
1382,5809375
1382,5875000
1384,3877792
1385,2541834
1387,33323458
1387,33362000
1389,5066833
1391,3707500
1392,2008084
1393,4336417
1395,125250
1396,4684500
1396,4716666
1397,5667083
1399,65349167
1401,12308542
1402,6155167
1404,2097292
1405,4225083
1406,5112917
1407,4659958
1408,3757000
1409,6968834
1410,2693000
1411,2488292
1412,10304083
1413,2735500
1414,3835292
1415,11923792
1417,5745667
1418,77084
1419,6650125
1420,10057500
1421,4939500
1422,4007292
1424,4064750
1425,2498875
1426,3847208
1427,5708125
1427,5790750
1428,5080709
1429,4231417
1430,4833750
1431,45744125
1433,23185417
1433,23337959
1434,4104000
1435,4439458
1436,5591791
1438,3218625
1439,4684833
1440,7161291
1441,5293375
1442,8311500
1443,4321291
1445,5379458
1446,5257083
1447,4188666
1449,4363041
1450,7708834
1451,5338416
1451,5475500
1452,4474167
1453,4666042
1454,12744459
1454,12745667
1456,6789167
1457,2192083
1458,4161459
1459,5042209
1461,14657042
1462,1275125
1463,7490958
1464,4695500
1466,3438500
1467,4932333
1469,2292375
1470,3175750
1471,6100875
1471,6101458
1474,4327792
1476,5158667
1478,10945083
1479,2397167
1480,5082875
1481,5806708
1482,2125375
1483,3288583
1484,4646375
1485,4487125
1486,2222667
1488,5236625
1490,3815416
1491,5092083
1491,5101625
1492,30191291
1493,1420500
1494,12375417
1495,2773208
1495,2774208
1496,5190917
1497,5091583
1498,4822292
1500,3978833
1502,2580792
1502,2593833
1504,2687958
1507,2523666
1508,10029625
1510,5727542
1511,5439917
1512,4808500
1514,2381458
1514,2382375
1515,3621208
1516,5411250
1519,21252458
1520,3511500
1521,52833
1522,8179209
1523,2616333
1525,3754167
1527,3465958
1528,4825708
1530,10360250
1532,4643291
1533,2349250
1536,2482875
1537,5369916
1538,2648250
1539,2858000
1541,2355083
1542,9457250
1544,4999375
1545,5049000
1547,12305584
1548,3572333
1549,6219792
1550,3787208
1551,4487917
1553,3745875
1555,2628833
1557,5219000
1559,9026166
1561,4711417
1562,4321292
1564,2537500
1565,2323875
1567,4973333
1569,9878125
1571,4911042
1573,3634583
1574,4588125
1576,3185417
1577,4263125
1579,5177084
1581,2579917
1583,11231875
1585,2164750
1586,3254625
1588,2610042
1590,5311542
1592,9706083
1593,2457917
1595,2090542
1598,2767792
1599,9102250
1601,4705500
1603,3701084
1604,6352875
1606,8433000
1607,2309416
1609,4439500
1612,4105208
1614,4928833
1616,2558458
1617,9737125
1619,4303833
1620,2342125
1622,3908084
1623,4639375
1625,4360833
1626,4643334
1628,20876500
1629,4553458
1630,6963083
1631,3476709
1633,3655459
1635,2281834
1636,9708333
1637,2700666
1639,2400583
1641,3634875
1643,2658041
1644,5079583
1647,2269000
1649,4587042
1649,4648459
1651,2474167
1652,2465625
1654,2258667
1655,3697125
1656,4035375
1658,8880417
1660,26315542
1661,2352166
1662,6053875
1663,4587250
1666,5244042
1668,4681708
1669,4347708
1670,2217084
1671,3811542
1674,60584
1675,2653334
1676,10465500
1680,3550209
1682,2265792
1683,10092875
1685,4506709
1687,13183000
1689,5822250
1689,5822875
1690,3808334
1692,3375834
1693,6824667
1695,9658125
1697,4772958
1698,2269500
1700,3446416
1702,3558375
1704,2108167
1705,10881041
1706,2316708
1707,4816584
1708,4886750
1710,4556917
1712,3728000
1713,2227041
1715,2363500
1717,22157542
1717,22187333
1718,1581792
1719,7662834
1719,7729042
1720,3178625
1722,4260833
1724,3514417
1724,3671334
1725,4761958
1726,2408583
1727,18200459
1729,388833
1729,482125
1730,2928292
1731,2408708
1733,3876708
1734,2729542
1735,8730042
1736,2756750
1737,3869125
1738,5041292
1740,4095958
1741,4229666
1743,2580083
1744,3888583
1746,4188792
1747,4873208
1749,4086250
1750,4534666
1751,21916959
1752,3515750
1753,6906417
1754,3827125
1755,4916834
1755,4938125
1757,4074500
1759,90375
1760,4611583
1760,4625667
1761,2687167
1762,2647125
1764,4649542
1765,2346000
1767,3908000
1768,4440458
1770,3248750
1772,4734917
1774,2432834
1776,2649333
1778,4030000
1780,3291292
1782,10848458
1784,76500
1784,94416
1785,4868208
1787,3567250
1789,4013250
1791,10593459
1792,5148417
1793,1729708
1795,57666
1796,2199459
1797,4434625
1798,4603458
1800,4326667
1804,4720084
1806,2787208
1809,53584
1810,2337625
1811,20232834
1812,8432625
1813,3882458
1814,5252834
1815,4649292
1816,2660791
1817,2579292
1819,4441292
1820,2553167
1822,4463833
1823,3123167
1824,2591292
1826,2562166
1828,7444292
1830,9763084
1832,4609958
1833,2442791
1835,69958
1836,2548042
1837,9810125
1840,7520167
1840,7558708
1841,5111667
1843,3937167
1845,4159959
1846,5478334
1848,9606250
1851,3400291
1852,2797291
1855,3905792
1857,2351708
1859,5670167
1861,10170875
1863,5115167
1864,4443250
1866,3690375
1868,2534459
1869,10287917
1871,5023250
1872,3334958
1872,3387500
1874,4265292
1876,12000209
1877,9913375
1878,3352625
1878,3354792
1878,3414417
1881,2610542
1883,4381666
1884,4073667
1886,2937541
1886,2951708
1887,2365500
1889,5584750
1891,10266084
1893,4854917
1894,4840542
1896,2214792
1897,3343292
1898,2682792
1900,5046417
1902,10542000
1904,5148584
1906,4255250
1907,2251875
1909,3821625
1911,3483792
1912,4429166
1914,10624542
1916,4712917
1917,4514125
1919,2776709
1920,2491584
1922,13253250
1924,5329500
1924,5468791
1925,5243000
1925,5278333
1928,5529166
1930,2920375
1931,8414542
1933,5088458
1934,2219417
1936,4577875
1937,2215250
1939,4097250
1941,2481792
1943,4430500
1945,3427458
1946,4012541
1948,2378041
1949,4115167
1950,2253583
1951,3564000
1952,5988917
1954,10237208
1955,2565500
1957,9408083
1958,2313375
1959,3895041
1960,3861708
1961,4083750
1963,3422375
1964,5624458
1966,9590375
1967,2101583
1968,4850083
1971,3955459
1973,3681416
1974,4353791
1976,3411417
1977,3881291
1978,2275333
1980,5826333
1982,8990000
1984,8137833
1984,11665166
1985,9594875
1987,12701667
1988,2074292
1989,4330208
1991,2374084
1993,6066667
1994,2517250
1995,10633458
1996,2239416
1998,4278083
2000,3617125
2001,4070416
2003,37167
2004,5355375
2006,9851833
2008,5106959
2010,52458
2011,3308833
2012,2411625
2014,5828209
2016,9483541
2018,4873750
2020,3208042
2021,2652375
2022,21957125
2023,3445625
2024,7365583
2025,2760333
2026,2442167
2028,4649709
2030,4069875
2031,4680500
2033,4130333
2035,3241000
2037,2320709
2039,2257875
2040,4573750
2041,4679209
2043,2224667
2045,2613000
2046,3209000
2048,2605584
2049,10006459
2050,2441791
2051,4738917
2053,2453000
2054,3686292
2055,3933417
2057,4245292
2058,6299875
2060,9585541
2062,4947625
2063,4482375
2064,3949250
2066,45667
2067,8427542
2069,6999291
2070,3625083
2071,2341709
2073,5057292
2075,10205459
2077,4894417
2079,3239709
2081,4109459
2083,4765917
2085,2678333
2086,11179792
2087,2572709
2090,4008500
2090,4015250
2092,2348542
2093,10107791
2094,2293375
2095,4324000
2097,2420792
2099,5567458
2101,9120667
2103,5298958
2104,312500
2106,4621833
2107,3792167
2109,3306834
2110,2295708
2111,3384834
2112,15701291
2113,5437417
2113,5442959
2114,5049667
2114,5247125
2115,4733417
2116,4486042
2117,4648625
2119,3756292
2121,2500708
2122,3339583
2124,2434458
2125,10569959
2127,5066416
2130,3547167
2132,4272541
2134,3514000
2136,2226708
2138,5593125
2139,2324041
2142,4887583
2144,4182667
2146,3307333
2147,3771500
2148,3179125
2149,2079625
2150,21590208
2150,21634541
2151,5769209
2152,4401792
2154,3337542
2156,4203958
2157,26731791
2158,2265459
2159,5016416
2160,4404833
2161,4446500
2162,2322167
2163,3789000
2165,4506209
2167,4124708
2168,3650000
2170,3422416
2171,6459083
2173,10144000
2175,5756500
2176,4232542
2178,4941416
2179,5359125
2181,14009458
2183,2027083
2184,2510125
2185,8976333
2186,2246875
2187,7037417
2188,204125
2189,3362500
2190,5297208
2191,6796417
2193,5387250
2194,1316916
2195,2656459
2197,321958
2199,6219917
2201,2729750
2203,4566625
2205,3336708
2206,1912875
2208,3803625
2211,3798125
2213,7915833
2214,8673250
2215,1610958
2216,3777417
2216,3909833
2217,6192916
2218,2543417
2220,8282333
2222,45875
2223,4014667
2225,3166500
2226,3773541
2228,1973834
2230,3483958
2231,2643250
2232,4427375
2234,4373875
2235,2301791
2237,2571375
2239,61292
2240,2352000
2241,10116083
2244,2767375
2246,5214916
2246,5216125
2247,2410917
2248,16151833
2249,2653583
2250,7212209
2250,7312500
2252,2959250
2253,3784750
2254,2214625
2256,4271833
2258,5612833
2260,2306667
2261,10084125
2263,4679667
2264,5418917
2266,2132791
2267,4159000
2268,2134125
2270,5800625
2272,10081500
2274,4668333
2275,2329250
2276,3425042
2278,2412542
2279,9755166
2282,3305834
2283,10525833
2284,12072792
2285,3753166
2287,3068708
2287,3079667
2289,2222916
2290,3803167
2290,3803875
2291,5342625
2293,10005750
2294,2755958
2295,4365250
2296,4440458
2297,2693042
2297,2693584
2298,3386750
2300,2384917
2301,3969458
2303,3401750
2305,4134333
2307,10837084
2308,2631375
2311,4237125
2313,4457167
2315,2738083
2317,2228416
2318,10070375
2318,10115833
2320,4936333
2321,2588458
2322,3298791
2324,2153125
2325,13637750
2326,10891667
2327,5529625
2328,4331833
2330,2482209
2332,2502667
2334,5296500
2336,10303917
2338,5189833
2340,2930875
2341,2256042
2343,5165541
2346,4170625
2348,3773750
2348,3774584
2349,5900000
2351,9615250
2353,4470083
2354,4476833
2356,2189708
2357,4188084
2359,3041291
2360,5147958
2362,10509791
2364,4909250
2366,2440875
2367,3167125
2368,4268708
2370,4106667
2371,7454125
2372,12620208
2373,3526958
2374,6165459
2375,4111375
2377,3007750
2378,7231583
2379,2799833
2380,4740292
2381,6268666
2383,10114708
2385,4802083
2387,2369000
2388,3931625
2389,4166750
2390,2079792
2391,2756583
2393,59750
2394,9170792
2396,4484417
2397,4639291
2398,3456958
2400,4681792
2402,2255166
2404,3890250
2406,4716000
2407,5554000
2409,18769167
2410,5893750
2411,2942625
2411,2959625
2412,6166917
2413,4281833
2414,1968708
2415,4743541
2417,2269208
2418,10373000
2420,5092875
2420,5169375
2421,4405875
2422,3723417
2424,5119250
2426,2104042
2428,4308750
2430,8512584
2431,2282375
2432,4399834
2434,5273000
2435,5105166
2437,9185500
2439,4675833
2440,4342625
2442,2267666
2443,4143958
2445,2037791
2446,3132125
2448,4026875
2449,3990584
2451,2690833
2454,8201875
2454,8211583
2455,5022084
2456,5436000
2457,2380875
2459,4566042
2460,4370291
2462,3489458
2464,2557583
2465,9740834
2468,2780750
2470,4106417
2472,3232250
2474,4479375
2474,4481083
2476,3935584
2476,3938667
2477,5384958
2479,11035750
2481,4512167
2483,2769208
2483,2795417
2484,6896959
2485,2369334
2486,6074542
2487,4022250
2487,4055250
2489,3197125
2490,6774667
2492,7860458
2494,4499375
2496,2526834
2497,5300459
2498,4541250
2499,2108708
2500,4097334
2502,23971458
2502,23976083
2503,6764667
2504,3697042
2505,2734542
2506,3763959
2508,2668958
2509,10250541
2511,5229250
2512,4833542
2514,2328500
2515,3685917
2517,4526375
2518,5515166
2520,9651084
2521,2592042
2522,4634833
2524,4152083
2525,31876750
2526,144791
2527,800917
2528,20200041
2530,54235667
2532,3530792
2534,4869000
2535,5395417
2535,5396667
2537,6596000
2538,3125584
2539,2887834
2540,3953791
2541,5800709
2542,3009583
2544,4230375
2545,5179875
2547,4173083
2549,10557333
2550,2216542
2551,4933333
2552,7431208
2553,2643750
2554,5911125
2555,5970125
2556,28485458
2556,28573167
2557,6682167
2559,4602958
2560,5597875
2561,2716333
2561,2737000
2562,4087792
2564,2052083
2565,3525208
2566,5434375
2568,8438667
2568,8462917
2570,6297375
2571,4348709
2573,4095708
2575,11209292
2577,4586250
2578,4255625
2579,2599083
2581,7096542
2583,10447792
2584,2898167
2585,4414333
2587,3058833
2588,18004500
2589,6426083
2591,4148500
2592,4121584
2594,2947166
2596,2410292
2597,8986917
2599,5184791
2601,3905167
2603,2003667
2603,2081917
2604,2787458
2606,5482334
2607,2112875
2609,2346083
2610,3503375
2611,5004667
2612,2431792
2614,4789875
2615,3664959
2616,2768209
2618,2476750
2619,3573750
2621,2375541
2622,10070959
2623,2608834
2624,5010875
2626,4719125
2627,21213917
2628,2927000
2629,8259792
2630,3279584
2631,4885917
2632,3161792
2634,2177125
2635,5372167
2637,2476667
2638,4857250
2639,3833250
2641,9414750
2643,4734834
2644,5343500
2645,3231000
2646,2397917
2648,2115791
2649,3230042
2651,2434708
2652,10443000
2653,2229625
2655,33834
2657,2404625
2658,3920709
2659,5590292
2659,5687375
2661,2395500
2662,3919958
2664,2325750
2665,11055666
2667,3165500
2668,5101458
2668,5140792
2670,2686750
2671,4706000
2672,5181042
2674,8890083
2674,8890333
2676,4684916
2678,2589292
2679,4525458
2680,5906208
2682,9262500
2684,40750
2685,4896833
2687,2474292
2688,3250667
2690,5296792
2692,2652209
2693,5345041
2695,3365584
2696,26619375
2697,2394875
2698,6002583
2699,2939750
2700,2354084
2701,4342209
2703,2705958
2705,2446875
2707,4920625
2709,10196375
2710,2539791
2711,5024417
2714,3262416
2717,4017166
2719,2596750
2720,3106292
2721,5707875
2723,10146542
2724,61167
2725,5257833
2726,4556375
2727,72583
2728,9249792
2728,9883000
2730,5497583
2730,5700416
2731,5256459
2731,5384459
2732,4056500
2733,4604958
2735,3170167
2737,4505875
2737,4528416
2738,2116625
2739,3238916
2741,3410542
2743,2706584
2744,10000208
2746,4248375
2748,2346333
2749,5437333
2750,4834208
2750,4891833
2751,3241834
2752,2267167
2754,2329250
2756,5670958
2758,11255750
2760,4240750
2762,10574541
2764,920167
2764,991750
2765,2324959
2767,2937042
2768,4501875
2770,4078167
2771,2041125
2773,4327875
2775,3927458
2777,3242250
2779,3454709
2780,5790791
2782,9345667
2784,4748917
2785,4606292
2787,2263458
2788,4224875
2790,4555208
2791,4226208
2791,4242500
2792,4390500
2793,44500
2794,3328083
2796,4427042
2796,4444834
2797,4287917
2799,44334
2800,2401792
2802,4922333
2803,2456792
2804,9261958
2806,4792125
2807,5278334
2808,2329709
2809,11752000
2810,9235250
2811,1873000
2812,7104250
2813,1952542
2814,2907709
2816,8388583
2817,2264042
2819,4457625
2820,2604333
2822,3272791
2823,2587584
2826,3850041
2829,9954083
2830,2441500
2832,5505959
2833,2594209
2835,5255417
2837,9824584
2840,2225458
2841,5180291
2843,2459541
2844,10360250
2844,10394917
2846,4630750
2847,4692291
2849,2221417
2850,4091375
2852,2417250
2853,5356333
2854,19713083
2855,5586084
2857,3686292
2858,2187416
2860,2534625
2861,9795333
2862,2326583
2863,4529791
2865,3327750
2867,2614042
2868,9548542
2870,4723208
2872,3513500
2873,4910583
2875,9880958
2877,3955792
2878,4454958
2880,2527166
2883,2912708
2885,4091417
2886,2729834
2887,2515500
2888,5258250
2889,2011375
2890,5980458
2891,4547000
2893,8326584
2895,5088250
2897,3320250
2899,13218750
2900,8251958
2901,2447209
2903,2949583
2904,3951000
2905,4747500
2907,2454500
2908,4490417
2910,2890542
2911,6643250
2913,9940791
2914,2507292
2915,4832125
2916,2479584
2918,5311667
2920,10287000
2922,5291583
2923,3758542
2925,3575541
2926,5889625
2928,4916833
2929,4298083
2931,9564541
2933,4949708
2934,4141375
2935,2367708
2936,3509708
2937,5564250
2939,10144042
2942,4902000
2943,3207292
2945,4531167
2947,4506625
2948,5009917
2950,12753250
2952,10939292
2952,10974000
2953,82875
2954,4371791
2955,4152625
2956,4874750
2957,2141125
2959,4085417
2960,4814625
2962,2199167
2963,5107083
2965,4502917
2967,3508666
2968,3958042
2969,4953459
2971,2234708
2973,2589958
2974,3567583
2975,5078541
2977,9565334
2979,4656709
2981,3241958
2982,2496541
2983,4747667
2985,3750833
2986,2023042
2987,3844375
2989,3521708
2991,2605208
2992,9967625
2994,3594833
2995,5216459
2997,3717958
2998,2486916
3000,4849208
3003,2578833
3004,4774750
3005,13798083
3006,126667
3007,5703750
3007,5732334
3009,3727917
3011,2484667
3012,3556084
